Datetime,Open,High,Low,Close,Volume,Dividends,Stock Splits,Symbol
2020-02-04 09:30:00-05:00,14.46,14.9,14.24,14.87,2705683,0,0,AA
2020-02-04 10:30:00-05:00,14.87,14.94,14.63,14.94,1368439,0,0,AA
2020-02-04 11:30:00-05:00,14.94,14.94,14.7,14.74,796333,0,0,AA
2020-02-04 12:30:00-05:00,14.74,14.94,14.7,14.86,576144,0,0,AA
2020-02-04 13:30:00-05:00,14.86,14.86,14.74,14.77,439523,0,0,AA
2020-02-04 14:30:00-05:00,14.77,14.81,14.67,14.75,542070,0,0,AA
2020-02-04 15:30:00-05:00,14.76,14.77,14.67,14.7,785784,0,0,AA
2020-02-05 09:30:00-05:00,15.31,15.61,15.18,15.47,2573501,0,0,AA
2020-02-05 10:30:00-05:00,15.47,15.72,15.44,15.58,1055179,0,0,AA
2020-02-05 11:30:00-05:00,15.58,15.84,15.52,15.78,1091103,0,0,AA
2020-02-05 12:30:00-05:00,15.78,15.89,15.78,15.82,688167,0,0,AA
2020-02-05 13:30:00-05:00,15.82,15.89,15.73,15.8,749568,0,0,AA
2020-02-05 14:30:00-05:00,15.79,15.83,15.72,15.8,546750,0,0,AA
2020-02-05 15:30:00-05:00,15.79,15.82,15.73,15.81,1185363,0,0,AA
2020-02-06 09:30:00-05:00,16.07,16.1,15.64,15.86,1647409,0,0,AA
2020-02-06 10:30:00-05:00,15.86,15.94,15.8,15.85,845671,0,0,AA
2020-02-06 11:30:00-05:00,15.85,15.97,15.8,15.96,563352,0,0,AA
2020-02-06 12:30:00-05:00,15.97,15.97,15.85,15.86,444570,0,0,AA
2020-02-06 13:30:00-05:00,15.86,15.91,15.81,15.9,435963,0,0,AA
2020-02-06 14:30:00-05:00,15.9,15.91,15.85,15.89,603843,0,0,AA
2020-02-06 15:30:00-05:00,15.89,15.95,15.86,15.91,1218921,0,0,AA
2020-02-07 09:30:00-05:00,15.64,15.7,15.36,15.55,1343668,0,0,AA
2020-02-07 10:30:00-05:00,15.55,15.7,15.53,15.61,662221,0,0,AA
2020-02-07 11:30:00-05:00,15.6,15.67,15.55,15.64,388548,0,0,AA
2020-02-07 12:30:00-05:00,15.64,15.66,15.57,15.62,324794,0,0,AA
2020-02-07 13:30:00-05:00,15.62,15.64,15.48,15.52,511030,0,0,AA
2020-02-07 14:30:00-05:00,15.52,15.54,15.44,15.53,538091,0,0,AA
2020-02-07 15:30:00-05:00,15.52,15.58,15.48,15.55,917637,0,0,AA
2020-02-10 09:30:00-05:00,15.31,15.59,15.15,15.39,1071649,0,0,AA
2020-02-10 10:30:00-05:00,15.39,15.42,15.34,15.35,444347,0,0,AA
2020-02-10 11:30:00-05:00,15.36,15.45,15.33,15.35,340592,0,0,AA
2020-02-10 12:30:00-05:00,15.35,15.35,15.26,15.26,297948,0,0,AA
2020-02-10 13:30:00-05:00,15.26,15.39,15.22,15.24,387693,0,0,AA
2020-02-10 14:30:00-05:00,15.23,15.37,15.23,15.28,319435,0,0,AA
2020-02-10 15:30:00-05:00,15.28,15.42,15.27,15.42,802267,0,0,AA
2020-02-11 09:30:00-05:00,15.57,16.21,15.54,16.12,1564589,0,0,AA
2020-02-11 10:30:00-05:00,16.12,16.15,15.86,15.88,734814,0,0,AA
2020-02-11 11:30:00-05:00,15.88,15.95,15.8,15.88,372781,0,0,AA
2020-02-11 12:30:00-05:00,15.88,15.89,15.8,15.82,191786,0,0,AA
2020-02-11 13:30:00-05:00,15.83,15.94,15.74,15.77,439083,0,0,AA
2020-02-11 14:30:00-05:00,15.77,15.83,15.68,15.72,386677,0,0,AA
2020-02-11 15:30:00-05:00,15.72,15.76,15.69,15.75,694220,0,0,AA
2020-02-12 09:30:00-05:00,15.96,16.2,15.95,16.08,934414,0,0,AA
2020-02-12 10:30:00-05:00,16.08,16.11,15.72,15.8,586417,0,0,AA
2020-02-12 11:30:00-05:00,15.8,15.83,15.61,15.67,512218,0,0,AA
2020-02-12 12:30:00-05:00,15.67,15.75,15.63,15.69,348397,0,0,AA
2020-02-12 13:30:00-05:00,15.69,15.74,15.63,15.68,370053,0,0,AA
2020-02-12 14:30:00-05:00,15.69,15.78,15.69,15.75,378880,0,0,AA
2020-02-12 15:30:00-05:00,15.75,15.82,15.73,15.77,572552,0,0,AA
2020-02-13 09:30:00-05:00,15.56,15.77,15.45,15.66,697205,0,0,AA
2020-02-13 10:30:00-05:00,15.67,15.73,15.65,15.72,334612,0,0,AA
2020-02-13 11:30:00-05:00,15.72,15.76,15.68,15.7,175660,0,0,AA
2020-02-13 12:30:00-05:00,15.69,15.7,15.58,15.64,310572,0,0,AA
2020-02-13 13:30:00-05:00,15.64,15.71,15.64,15.69,208629,0,0,AA
2020-02-13 14:30:00-05:00,15.69,15.72,15.65,15.69,243190,0,0,AA
2020-02-13 15:30:00-05:00,15.69,15.77,15.69,15.77,572347,0,0,AA
2020-02-14 09:30:00-05:00,15.8,15.93,15.71,15.8,697456,0,0,AA
2020-02-14 10:30:00-05:00,15.8,15.83,15.62,15.75,679335,0,0,AA
2020-02-14 11:30:00-05:00,15.76,15.77,15.63,15.67,359061,0,0,AA
2020-02-14 12:30:00-05:00,15.67,15.72,15.42,15.48,746716,0,0,AA
2020-02-14 13:30:00-05:00,15.49,15.7,15.48,15.69,416329,0,0,AA
2020-02-14 14:30:00-05:00,15.69,15.72,15.64,15.68,382522,0,0,AA
2020-02-14 15:30:00-05:00,15.67,15.76,15.65,15.67,757127,0,0,AA
2020-02-18 09:30:00-05:00,15.5,15.72,15.5,15.7,498076,0,0,AA
2020-02-18 10:30:00-05:00,15.72,15.72,15.62,15.66,424659,0,0,AA
2020-02-18 11:30:00-05:00,15.66,15.73,15.63,15.68,290763,0,0,AA
2020-02-18 12:30:00-05:00,15.68,15.84,15.65,15.8,383622,0,0,AA
2020-02-18 13:30:00-05:00,15.8,15.83,15.75,15.83,196249,0,0,AA
2020-02-18 14:30:00-05:00,15.82,15.93,15.82,15.85,322866,0,0,AA
2020-02-18 15:30:00-05:00,15.85,15.98,15.82,15.98,833820,0,0,AA
2020-02-19 09:30:00-05:00,16.04,16.36,16.04,16.23,1259751,0,0,AA
2020-02-19 10:30:00-05:00,16.23,16.36,16.16,16.35,828767,0,0,AA
2020-02-19 11:30:00-05:00,16.36,16.48,16.2,16.43,1541373,0,0,AA
2020-02-19 12:30:00-05:00,16.44,16.71,16.43,16.55,1198315,0,0,AA
2020-02-19 13:30:00-05:00,16.55,16.6,16.45,16.53,539741,0,0,AA
2020-02-19 14:30:00-05:00,16.52,16.6,16.51,16.58,677908,0,0,AA
2020-02-19 15:30:00-05:00,16.58,16.8,16.58,16.7,2118448,0,0,AA
2020-02-20 09:30:00-05:00,16.65,16.72,16.36,16.5,1640014,0,0,AA
2020-02-20 10:30:00-05:00,16.5,16.56,16.38,16.38,824158,0,0,AA
2020-02-20 11:30:00-05:00,16.4,16.41,16.08,16.25,1007168,0,0,AA
2020-02-20 12:30:00-05:00,16.25,16.38,16.2,16.32,462320,0,0,AA
2020-02-20 13:30:00-05:00,16.32,16.34,16.18,16.19,469133,0,0,AA
2020-02-20 14:30:00-05:00,16.19,16.25,16.09,16.12,980537,0,0,AA
2020-02-20 15:30:00-05:00,16.12,16.18,16.07,16.1,1892919,0,0,AA
2020-02-21 09:30:00-05:00,16.01,16.3,15.92,16.11,1112782,0,0,AA
2020-02-21 10:30:00-05:00,16.11,16.12,15.97,16.06,461514,0,0,AA
2020-02-21 11:30:00-05:00,16.06,16.13,16.0,16.08,536836,0,0,AA
2020-02-21 12:30:00-05:00,16.09,16.15,16.05,16.09,609823,0,0,AA
2020-02-21 13:30:00-05:00,16.08,16.17,16.05,16.17,497901,0,0,AA
2020-02-21 14:30:00-05:00,16.17,16.2,16.05,16.05,725422,0,0,AA
2020-02-21 15:30:00-05:00,16.06,16.15,16.06,16.11,1111572,0,0,AA
2020-02-24 09:30:00-05:00,15.21,15.28,14.98,15.1,1684463,0,0,AA
2020-02-24 10:30:00-05:00,15.1,15.2,15.05,15.07,650992,0,0,AA
2020-02-24 11:30:00-05:00,15.08,15.16,15.0,15.06,555409,0,0,AA
2020-02-24 12:30:00-05:00,15.05,15.18,15.05,15.18,364240,0,0,AA
2020-02-24 13:30:00-05:00,15.17,15.17,15.03,15.11,521012,0,0,AA
2020-02-24 14:30:00-05:00,15.11,15.36,15.1,15.35,499922,0,0,AA
2020-02-24 15:30:00-05:00,15.35,15.42,15.31,15.36,812701,0,0,AA
2020-02-25 09:30:00-05:00,15.48,15.52,15.09,15.11,821542,0,0,AA
2020-02-25 10:30:00-05:00,15.11,15.15,14.94,15.03,587477,0,0,AA
2020-02-25 11:30:00-05:00,15.03,15.07,14.75,14.75,665566,0,0,AA
2020-02-25 12:30:00-05:00,14.76,14.86,14.68,14.71,539229,0,0,AA
2020-02-25 13:30:00-05:00,14.7,14.71,14.35,14.36,667954,0,0,AA
2020-02-25 14:30:00-05:00,14.36,14.57,14.3,14.48,706871,0,0,AA
2020-02-25 15:30:00-05:00,14.48,14.53,14.43,14.5,1044235,0,0,AA
2020-02-26 09:30:00-05:00,14.64,14.83,14.42,14.74,854448,0,0,AA
2020-02-26 10:30:00-05:00,14.74,14.84,14.68,14.81,338864,0,0,AA
2020-02-26 11:30:00-05:00,14.8,14.81,14.49,14.51,488971,0,0,AA
2020-02-26 12:30:00-05:00,14.51,14.55,14.37,14.41,382416,0,0,AA
2020-02-26 13:30:00-05:00,14.4,14.41,14.2,14.27,624848,0,0,AA
2020-02-26 14:30:00-05:00,14.26,14.28,14.15,14.22,717558,0,0,AA
2020-02-26 15:30:00-05:00,14.22,14.22,14.11,14.12,1061338,0,0,AA
2020-02-27 09:30:00-05:00,13.76,13.76,13.1,13.27,1643959,0,0,AA
2020-02-27 10:30:00-05:00,13.27,13.74,13.18,13.57,835283,0,0,AA
2020-02-27 11:30:00-05:00,13.58,13.94,13.57,13.84,612391,0,0,AA
2020-02-27 12:30:00-05:00,13.83,14.11,13.83,13.99,560771,0,0,AA
2020-02-27 13:30:00-05:00,14.0,14.05,13.73,13.87,802603,0,0,AA
2020-02-27 14:30:00-05:00,13.87,13.89,13.57,13.58,723231,0,0,AA
2020-02-27 15:30:00-05:00,13.59,13.69,13.44,13.45,1042343,0,0,AA
2020-02-28 09:30:00-05:00,12.84,13.35,12.83,13.14,1318839,0,0,AA
2020-02-28 10:30:00-05:00,13.14,13.34,13.03,13.34,1178299,0,0,AA
2020-02-28 11:30:00-05:00,13.33,13.66,13.3,13.51,745685,0,0,AA
2020-02-28 12:30:00-05:00,13.53,13.73,13.51,13.69,490805,0,0,AA
2020-02-28 13:30:00-05:00,13.68,13.69,13.38,13.51,551815,0,0,AA
2020-02-28 14:30:00-05:00,13.51,13.84,13.51,13.62,795701,0,0,AA
2020-02-28 15:30:00-05:00,13.62,13.91,13.58,13.87,1202959,0,0,AA
2020-03-02 09:30:00-05:00,14.01,14.03,13.11,13.39,1359446,0,0,AA
2020-03-02 10:30:00-05:00,13.39,13.69,13.31,13.57,656364,0,0,AA
2020-03-02 11:30:00-05:00,13.57,13.71,13.5,13.59,554404,0,0,AA
2020-03-02 12:30:00-05:00,13.6,13.73,13.48,13.52,427404,0,0,AA
2020-03-02 13:30:00-05:00,13.53,13.55,13.37,13.4,650774,0,0,AA
2020-03-02 14:30:00-05:00,13.4,13.43,13.28,13.4,767502,0,0,AA
2020-03-02 15:30:00-05:00,13.4,13.74,13.37,13.71,1265170,0,0,AA
2020-03-03 09:30:00-05:00,13.67,14.04,13.35,13.59,1777917,0,0,AA
2020-03-03 10:30:00-05:00,13.59,13.7,13.31,13.34,2185593,0,0,AA
2020-03-03 11:30:00-05:00,13.34,13.61,13.3,13.48,937027,0,0,AA
2020-03-03 12:30:00-05:00,13.49,13.53,13.12,13.13,483726,0,0,AA
2020-03-03 13:30:00-05:00,13.12,13.12,12.7,12.91,1665061,0,0,AA
2020-03-03 14:30:00-05:00,12.91,13.17,12.78,13.08,1085944,0,0,AA
2020-03-03 15:30:00-05:00,13.07,13.07,12.84,12.91,1547181,0,0,AA
2020-03-04 09:30:00-05:00,13.17,13.19,12.73,12.91,1840375,0,0,AA
2020-03-04 10:30:00-05:00,12.92,12.94,12.68,12.76,745675,0,0,AA
2020-03-04 11:30:00-05:00,12.78,12.8,12.58,12.69,1092140,0,0,AA
2020-03-04 12:30:00-05:00,12.69,12.84,12.68,12.8,725422,0,0,AA
2020-03-04 13:30:00-05:00,12.8,12.84,12.65,12.8,592533,0,0,AA
2020-03-04 14:30:00-05:00,12.81,12.82,12.67,12.78,758638,0,0,AA
2020-03-04 15:30:00-05:00,12.78,12.9,12.74,12.89,1336442,0,0,AA
2020-03-05 09:30:00-05:00,12.47,12.61,12.12,12.17,3294923,0,0,AA
2020-03-05 10:30:00-05:00,12.17,12.19,11.94,12.12,2492098,0,0,AA
2020-03-05 11:30:00-05:00,12.12,12.16,11.88,11.91,1669249,0,0,AA
2020-03-05 12:30:00-05:00,11.91,11.97,11.68,11.8,1644838,0,0,AA
2020-03-05 13:30:00-05:00,11.79,12.12,11.72,11.92,1183862,0,0,AA
2020-03-05 14:30:00-05:00,11.91,11.96,11.76,11.87,709761,0,0,AA
2020-03-05 15:30:00-05:00,11.87,12.01,11.83,11.88,1457225,0,0,AA
2020-03-06 09:30:00-05:00,11.36,11.69,11.18,11.55,2255802,0,0,AA
2020-03-06 10:30:00-05:00,11.55,11.77,11.21,11.27,1678654,0,0,AA
2020-03-06 11:30:00-05:00,11.27,11.32,11.07,11.09,1118860,0,0,AA
2020-03-06 12:30:00-05:00,11.11,11.2,11.06,11.14,1136701,0,0,AA
2020-03-06 13:30:00-05:00,11.12,11.24,10.95,10.96,1024197,0,0,AA
2020-03-06 14:30:00-05:00,10.96,10.97,10.8,10.88,1307758,0,0,AA
2020-03-06 15:30:00-05:00,10.88,11.02,10.83,11.0,1471637,0,0,AA
2020-03-09 09:30:00-04:00,9.62,10.11,9.4,9.85,2002153,0,0,AA
2020-03-09 10:30:00-04:00,9.85,9.87,9.62,9.69,1258469,0,0,AA
2020-03-09 11:30:00-04:00,9.69,9.75,9.43,9.48,1253627,0,0,AA
2020-03-09 12:30:00-04:00,9.47,9.49,9.23,9.24,866455,0,0,AA
2020-03-09 13:30:00-04:00,9.24,9.25,9.02,9.02,1023109,0,0,AA
2020-03-09 14:30:00-04:00,9.02,9.03,8.91,8.96,1390337,0,0,AA
2020-03-09 15:30:00-04:00,8.95,8.95,8.61,8.68,1840527,0,0,AA
2020-03-10 09:30:00-04:00,9.33,9.42,8.85,9.12,1988738,0,0,AA
2020-03-10 10:30:00-04:00,9.12,9.13,8.56,8.64,1310381,0,0,AA
2020-03-10 11:30:00-04:00,8.64,8.77,8.55,8.62,1086440,0,0,AA
2020-03-10 12:30:00-04:00,8.62,8.67,8.6,8.65,924417,0,0,AA
2020-03-10 13:30:00-04:00,8.65,8.89,8.63,8.89,1197248,0,0,AA
2020-03-10 14:30:00-04:00,8.89,9.14,8.88,9.05,1715241,0,0,AA
2020-03-10 15:30:00-04:00,9.06,9.26,8.98,9.25,1695056,0,0,AA
2020-03-11 09:30:00-04:00,8.85,8.99,8.38,8.46,2102457,0,0,AA
2020-03-11 10:30:00-04:00,8.46,8.52,8.33,8.38,1667246,0,0,AA
2020-03-11 11:30:00-04:00,8.38,8.65,8.3,8.61,974283,0,0,AA
2020-03-11 12:30:00-04:00,8.61,8.61,8.35,8.49,1296815,0,0,AA
2020-03-11 13:30:00-04:00,8.5,8.53,8.38,8.38,566025,0,0,AA
2020-03-11 14:30:00-04:00,8.38,8.49,8.36,8.44,855234,0,0,AA
2020-03-11 15:30:00-04:00,8.44,9.23,8.43,9.19,1684440,0,0,AA
2020-03-12 09:30:00-04:00,8.26,8.32,8.0,8.06,1295812,0,0,AA
2020-03-12 10:30:00-04:00,8.06,8.18,7.89,7.91,1684624,0,0,AA
2020-03-12 11:30:00-04:00,7.91,7.91,7.55,7.61,2367374,0,0,AA
2020-03-12 12:30:00-04:00,7.61,8.14,7.43,7.76,2039295,0,0,AA
2020-03-12 13:30:00-04:00,7.76,7.76,7.51,7.51,1010216,0,0,AA
2020-03-12 14:30:00-04:00,7.51,7.53,7.24,7.3,1838033,0,0,AA
2020-03-12 15:30:00-04:00,7.3,7.51,7.3,7.51,2114153,0,0,AA
2020-03-13 09:30:00-04:00,8.08,8.35,7.48,7.69,2049075,0,0,AA
2020-03-13 10:30:00-04:00,7.7,7.85,7.35,7.36,1129658,0,0,AA
2020-03-13 11:30:00-04:00,7.36,7.36,7.16,7.28,780522,0,0,AA
2020-03-13 12:30:00-04:00,7.28,7.67,7.28,7.67,582390,0,0,AA
2020-03-13 13:30:00-04:00,7.67,7.92,7.63,7.84,719189,0,0,AA
2020-03-13 14:30:00-04:00,7.84,8.0,7.83,7.89,660556,0,0,AA
2020-03-13 15:30:00-04:00,7.89,8.0,7.86,8.0,1146015,0,0,AA
2020-03-16 09:30:00-04:00,6.94,7.38,6.73,7.32,1518007,0,0,AA
2020-03-16 10:30:00-04:00,7.33,7.67,7.33,7.41,1183268,0,0,AA
2020-03-16 11:30:00-04:00,7.41,7.43,7.15,7.27,873557,0,0,AA
2020-03-16 12:30:00-04:00,7.27,7.35,7.0,7.0,832298,0,0,AA
2020-03-16 13:30:00-04:00,7.01,7.14,6.91,6.97,658981,0,0,AA
2020-03-16 14:30:00-04:00,6.97,7.05,6.9,6.95,780425,0,0,AA
2020-03-16 15:30:00-04:00,6.96,6.97,6.75,6.83,1064357,0,0,AA
2020-03-17 09:30:00-04:00,7.12,7.12,6.61,6.93,1587074,0,0,AA
2020-03-17 10:30:00-04:00,6.93,7.11,6.8,7.07,977320,0,0,AA
2020-03-17 11:30:00-04:00,7.07,7.25,7.01,7.05,1086354,0,0,AA
2020-03-17 12:30:00-04:00,7.05,7.06,6.69,6.84,973980,0,0,AA
2020-03-17 13:30:00-04:00,6.84,7.07,6.74,7.03,738709,0,0,AA
2020-03-17 14:30:00-04:00,7.03,7.07,6.93,6.99,995850,0,0,AA
2020-03-17 15:30:00-04:00,6.99,7.03,6.94,7.0,1308552,0,0,AA
2020-03-18 09:30:00-04:00,6.53,6.68,6.26,6.27,1389135,0,0,AA
2020-03-18 10:30:00-04:00,6.26,6.29,5.71,5.88,1610552,0,0,AA
2020-03-18 11:30:00-04:00,5.89,6.14,5.73,5.74,1418106,0,0,AA
2020-03-18 12:30:00-04:00,5.73,5.74,5.3,5.4,1273396,0,0,AA
2020-03-18 13:30:00-04:00,5.41,5.64,5.35,5.59,923109,0,0,AA
2020-03-18 14:30:00-04:00,5.59,5.72,5.38,5.39,871295,0,0,AA
2020-03-18 15:30:00-04:00,5.39,5.76,5.27,5.73,1504483,0,0,AA
2020-03-19 09:30:00-04:00,5.76,6.1,5.2,5.86,1326104,0,0,AA
2020-03-19 10:30:00-04:00,5.87,5.98,5.61,5.92,702737,0,0,AA
2020-03-19 11:30:00-04:00,5.93,6.15,5.74,5.94,868809,0,0,AA
2020-03-19 12:30:00-04:00,5.95,6.11,5.86,5.94,716775,0,0,AA
2020-03-19 13:30:00-04:00,5.94,6.0,5.8,5.89,610963,0,0,AA
2020-03-19 14:30:00-04:00,5.89,5.98,5.8,5.86,701919,0,0,AA
2020-03-19 15:30:00-04:00,5.86,5.89,5.79,5.83,1006353,0,0,AA
2020-03-20 09:30:00-04:00,6.07,6.17,5.58,5.66,1620855,0,0,AA
2020-03-20 10:30:00-04:00,5.66,6.11,5.66,5.9,1215264,0,0,AA
2020-03-20 11:30:00-04:00,5.9,6.04,5.62,5.67,928171,0,0,AA
2020-03-20 12:30:00-04:00,5.66,5.88,5.65,5.84,884506,0,0,AA
2020-03-20 13:30:00-04:00,5.85,6.03,5.75,5.77,775433,0,0,AA
2020-03-20 14:30:00-04:00,5.78,5.82,5.57,5.64,1155386,0,0,AA
2020-03-20 15:30:00-04:00,5.65,5.67,5.43,5.47,1900153,0,0,AA
2020-03-23 09:30:00-04:00,5.5,5.86,5.16,5.78,1711088,0,0,AA
2020-03-23 10:30:00-04:00,5.78,5.82,5.48,5.53,845517,0,0,AA
2020-03-23 11:30:00-04:00,5.53,5.69,5.49,5.55,605594,0,0,AA
2020-03-23 12:30:00-04:00,5.55,5.91,5.43,5.64,982930,0,0,AA
2020-03-23 13:30:00-04:00,5.63,5.89,5.61,5.82,576226,0,0,AA
2020-03-23 14:30:00-04:00,5.84,5.95,5.77,5.79,836472,0,0,AA
2020-03-23 15:30:00-04:00,5.8,5.82,5.6,5.68,1279251,0,0,AA
2020-03-24 09:30:00-04:00,6.24,7.13,6.2,7.01,3151599,0,0,AA
2020-03-24 10:30:00-04:00,7.02,7.28,6.78,7.25,2276988,0,0,AA
2020-03-24 11:30:00-04:00,7.25,7.48,7.19,7.31,1894733,0,0,AA
2020-03-24 12:30:00-04:00,7.31,7.34,7.03,7.18,1251727,0,0,AA
2020-03-24 13:30:00-04:00,7.18,7.24,6.82,7.11,1610484,0,0,AA
2020-03-24 14:30:00-04:00,7.11,7.29,7.03,7.2,1909951,0,0,AA
2020-03-24 15:30:00-04:00,7.21,7.34,7.16,7.27,2047838,0,0,AA
2020-03-25 09:30:00-04:00,7.93,7.99,7.1,7.3,2860072,0,0,AA
2020-03-25 10:30:00-04:00,7.3,7.76,7.28,7.74,1187731,0,0,AA
2020-03-25 11:30:00-04:00,7.73,7.89,7.55,7.85,1094515,0,0,AA
2020-03-25 12:30:00-04:00,7.84,7.89,7.63,7.83,1505136,0,0,AA
2020-03-25 13:30:00-04:00,7.83,7.89,7.41,7.42,1695577,0,0,AA
2020-03-25 14:30:00-04:00,7.42,7.46,7.2,7.34,2005180,0,0,AA
2020-03-25 15:30:00-04:00,7.34,7.39,7.01,7.09,2000523,0,0,AA
2020-03-26 09:30:00-04:00,7.25,7.26,6.82,7.09,2649282,0,0,AA
2020-03-26 10:30:00-04:00,7.1,7.36,6.97,7.35,1999855,0,0,AA
2020-03-26 11:30:00-04:00,7.34,7.39,7.1,7.23,1268206,0,0,AA
2020-03-26 12:30:00-04:00,7.23,7.24,6.87,6.91,1138286,0,0,AA
2020-03-26 13:30:00-04:00,6.91,6.99,6.75,6.89,1397623,0,0,AA
2020-03-26 14:30:00-04:00,6.89,6.99,6.85,6.92,1102132,0,0,AA
2020-03-26 15:30:00-04:00,6.93,6.95,6.73,6.84,2035646,0,0,AA
2020-03-27 09:30:00-04:00,6.53,6.55,6.05,6.14,2737169,0,0,AA
2020-03-27 10:30:00-04:00,6.14,6.26,6.1,6.22,1105436,0,0,AA
2020-03-27 11:30:00-04:00,6.23,6.26,6.1,6.18,1232339,0,0,AA
2020-03-27 12:30:00-04:00,6.18,6.37,6.17,6.33,803319,0,0,AA
2020-03-27 13:30:00-04:00,6.34,6.54,6.31,6.36,1175355,0,0,AA
2020-03-27 14:30:00-04:00,6.36,6.48,6.27,6.43,1031125,0,0,AA
2020-03-27 15:30:00-04:00,6.43,6.79,6.39,6.55,1657342,0,0,AA
2020-03-30 09:30:00-04:00,6.55,6.6,6.01,6.06,1896781,0,0,AA
2020-03-30 10:30:00-04:00,6.05,6.2,6.05,6.15,1298467,0,0,AA
2020-03-30 11:30:00-04:00,6.16,6.19,6.06,6.08,992625,0,0,AA
2020-03-30 12:30:00-04:00,6.08,6.09,6.03,6.03,824229,0,0,AA
2020-03-30 13:30:00-04:00,6.03,6.04,6.0,6.02,1213665,0,0,AA
2020-03-30 14:30:00-04:00,6.03,6.1,6.01,6.08,1223860,0,0,AA
2020-03-30 15:30:00-04:00,6.08,6.09,6.0,6.06,1790104,0,0,AA
2020-03-31 09:30:00-04:00,6.16,6.35,6.06,6.28,2947289,0,0,AA
2020-03-31 10:30:00-04:00,6.28,6.58,6.21,6.48,2434215,0,0,AA
2020-03-31 11:30:00-04:00,6.49,6.62,6.36,6.44,1830740,0,0,AA
2020-03-31 12:30:00-04:00,6.43,6.44,6.15,6.21,1435978,0,0,AA
2020-03-31 13:30:00-04:00,6.21,6.29,6.18,6.24,903670,0,0,AA
2020-03-31 14:30:00-04:00,6.23,6.29,6.1,6.13,1187698,0,0,AA
2020-03-31 15:30:00-04:00,6.12,6.22,6.1,6.16,1431701,0,0,AA
2020-04-01 09:30:00-04:00,5.95,6.27,5.71,6.18,2220226,0,0,AA
2020-04-01 10:30:00-04:00,6.19,6.61,6.18,6.47,2178167,0,0,AA
2020-04-01 11:30:00-04:00,6.48,6.55,6.24,6.26,1600133,0,0,AA
2020-04-01 12:30:00-04:00,6.28,6.32,6.19,6.24,963877,0,0,AA
2020-04-01 13:30:00-04:00,6.24,6.42,6.16,6.39,817347,0,0,AA
2020-04-01 14:30:00-04:00,6.39,6.49,6.3,6.39,981837,0,0,AA
2020-04-01 15:30:00-04:00,6.4,6.41,6.22,6.25,1454152,0,0,AA
2020-04-02 09:30:00-04:00,6.28,6.47,6.17,6.43,1574370,0,0,AA
2020-04-02 10:30:00-04:00,6.42,6.68,6.34,6.34,1397721,0,0,AA
2020-04-02 11:30:00-04:00,6.35,6.52,6.35,6.46,734624,0,0,AA
2020-04-02 12:30:00-04:00,6.46,6.48,5.98,5.99,2388677,0,0,AA
2020-04-02 13:30:00-04:00,6.0,6.14,5.92,6.0,1507171,0,0,AA
2020-04-02 14:30:00-04:00,5.99,6.07,5.95,6.03,972006,0,0,AA
2020-04-02 15:30:00-04:00,6.03,6.09,5.96,6.07,1130284,0,0,AA
2020-04-03 09:30:00-04:00,6.08,6.28,5.95,5.97,1596921,0,0,AA
2020-04-03 10:30:00-04:00,5.97,6.06,5.91,5.97,934940,0,0,AA
2020-04-03 11:30:00-04:00,5.97,6.0,5.8,5.82,926465,0,0,AA
2020-04-03 12:30:00-04:00,5.82,5.89,5.78,5.84,938951,0,0,AA
2020-04-03 13:30:00-04:00,5.84,5.94,5.8,5.89,800510,0,0,AA
2020-04-03 14:30:00-04:00,5.89,6.06,5.86,5.98,957603,0,0,AA
2020-04-03 15:30:00-04:00,5.97,6.07,5.91,5.97,1280471,0,0,AA
2020-04-06 09:30:00-04:00,6.37,6.84,6.25,6.63,3272700,0,0,AA
2020-04-06 10:30:00-04:00,6.62,6.63,6.38,6.55,1616065,0,0,AA
2020-04-06 11:30:00-04:00,6.55,6.72,6.55,6.68,1066113,0,0,AA
2020-04-06 12:30:00-04:00,6.68,6.72,6.51,6.6,777512,0,0,AA
2020-04-06 13:30:00-04:00,6.61,6.66,6.51,6.56,760550,0,0,AA
2020-04-06 14:30:00-04:00,6.56,6.6,6.48,6.57,738682,0,0,AA
2020-04-06 15:30:00-04:00,6.56,6.6,6.51,6.55,1175663,0,0,AA
2020-04-07 09:30:00-04:00,7.27,7.58,7.03,7.3,4680286,0,0,AA
2020-04-07 10:30:00-04:00,7.3,7.34,6.98,7.33,2240191,0,0,AA
2020-04-07 11:30:00-04:00,7.33,7.58,7.28,7.51,1906027,0,0,AA
2020-04-07 12:30:00-04:00,7.51,7.75,7.47,7.49,2045869,0,0,AA
2020-04-07 13:30:00-04:00,7.5,7.52,7.08,7.17,1750800,0,0,AA
2020-04-07 14:30:00-04:00,7.17,7.18,6.96,6.99,1435076,0,0,AA
2020-04-07 15:30:00-04:00,6.99,7.14,6.99,7.02,1713620,0,0,AA
2020-04-08 09:30:00-04:00,7.2,7.24,7.02,7.14,1333753,0,0,AA
2020-04-08 10:30:00-04:00,7.15,7.39,7.1,7.34,1197218,0,0,AA
2020-04-08 11:30:00-04:00,7.34,7.46,7.31,7.37,1070244,0,0,AA
2020-04-08 12:30:00-04:00,7.38,7.42,7.3,7.38,604664,0,0,AA
2020-04-08 13:30:00-04:00,7.38,7.41,7.31,7.39,673043,0,0,AA
2020-04-08 14:30:00-04:00,7.39,7.39,7.29,7.32,1005657,0,0,AA
2020-04-08 15:30:00-04:00,7.32,7.37,7.26,7.26,1387909,0,0,AA
2020-04-09 09:30:00-04:00,7.68,8.02,7.57,7.84,3270719,0,0,AA
2020-04-09 10:30:00-04:00,7.85,7.91,7.46,7.49,2659416,0,0,AA
2020-04-09 11:30:00-04:00,7.5,7.74,7.47,7.7,1843197,0,0,AA
2020-04-09 12:30:00-04:00,7.69,7.83,7.69,7.73,783235,0,0,AA
2020-04-09 13:30:00-04:00,7.74,7.78,7.47,7.47,1197534,0,0,AA
2020-04-09 14:30:00-04:00,7.47,7.53,7.22,7.31,1357451,0,0,AA
2020-04-09 15:30:00-04:00,7.3,7.45,7.29,7.42,1066122,0,0,AA
2020-04-13 09:30:00-04:00,7.48,7.57,7.12,7.33,1957146,0,0,AA
2020-04-13 10:30:00-04:00,7.33,7.4,7.16,7.39,792557,0,0,AA
2020-04-13 11:30:00-04:00,7.39,7.49,7.32,7.38,643884,0,0,AA
2020-04-13 12:30:00-04:00,7.38,7.55,7.33,7.52,754478,0,0,AA
2020-04-13 13:30:00-04:00,7.52,7.73,7.51,7.72,1135146,0,0,AA
2020-04-13 14:30:00-04:00,7.72,7.75,7.51,7.53,1367690,0,0,AA
2020-04-13 15:30:00-04:00,7.54,7.64,7.51,7.55,1260181,0,0,AA
2020-04-14 09:30:00-04:00,7.87,8.38,7.85,8.17,3246945,0,0,AA
2020-04-14 10:30:00-04:00,8.17,8.18,7.76,7.82,1844417,0,0,AA
2020-04-14 11:30:00-04:00,7.82,7.95,7.82,7.84,849515,0,0,AA
2020-04-14 12:30:00-04:00,7.84,7.9,7.73,7.78,750033,0,0,AA
2020-04-14 13:30:00-04:00,7.77,7.81,7.66,7.75,851175,0,0,AA
2020-04-14 14:30:00-04:00,7.75,7.77,7.63,7.65,992689,0,0,AA
2020-04-14 15:30:00-04:00,7.65,7.74,7.62,7.72,1806626,0,0,AA
2020-04-15 09:30:00-04:00,7.31,7.42,7.01,7.22,2481507,0,0,AA
2020-04-15 10:30:00-04:00,7.21,7.31,7.13,7.21,900146,0,0,AA
2020-04-15 11:30:00-04:00,7.2,7.25,7.07,7.14,1211604,0,0,AA
2020-04-15 12:30:00-04:00,7.13,7.29,7.11,7.24,936751,0,0,AA
2020-04-15 13:30:00-04:00,7.24,7.38,7.22,7.33,739640,0,0,AA
2020-04-15 14:30:00-04:00,7.33,7.4,7.22,7.28,863339,0,0,AA
2020-04-15 15:30:00-04:00,7.29,7.3,7.21,7.26,1256918,0,0,AA
2020-04-16 09:30:00-04:00,7.25,7.39,6.86,6.93,1928983,0,0,AA
2020-04-16 10:30:00-04:00,6.93,7.09,6.9,6.96,806510,0,0,AA
2020-04-16 11:30:00-04:00,6.96,6.97,6.82,6.84,1062511,0,0,AA
2020-04-16 12:30:00-04:00,6.84,6.89,6.79,6.84,639111,0,0,AA
2020-04-16 13:30:00-04:00,6.84,6.89,6.8,6.89,572439,0,0,AA
2020-04-16 14:30:00-04:00,6.88,6.93,6.84,6.89,846278,0,0,AA
2020-04-16 15:30:00-04:00,6.89,6.97,6.88,6.95,1092420,0,0,AA
2020-04-17 09:30:00-04:00,7.25,7.62,7.23,7.32,3256634,0,0,AA
2020-04-17 10:30:00-04:00,7.33,7.45,7.24,7.4,1286466,0,0,AA
2020-04-17 11:30:00-04:00,7.39,7.57,7.32,7.44,1229640,0,0,AA
2020-04-17 12:30:00-04:00,7.44,7.59,7.43,7.53,816806,0,0,AA
2020-04-17 13:30:00-04:00,7.52,7.55,7.44,7.49,726881,0,0,AA
2020-04-17 14:30:00-04:00,7.49,7.59,7.46,7.55,935625,0,0,AA
2020-04-17 15:30:00-04:00,7.55,7.6,7.51,7.57,1286427,0,0,AA
2020-04-20 09:30:00-04:00,7.28,7.87,7.26,7.64,1921917,0,0,AA
2020-04-20 10:30:00-04:00,7.64,7.84,7.62,7.76,935346,0,0,AA
2020-04-20 11:30:00-04:00,7.75,7.85,7.69,7.7,585266,0,0,AA
2020-04-20 12:30:00-04:00,7.7,7.76,7.45,7.53,899933,0,0,AA
2020-04-20 13:30:00-04:00,7.54,7.57,7.32,7.32,1080915,0,0,AA
2020-04-20 14:30:00-04:00,7.31,7.48,7.31,7.44,643971,0,0,AA
2020-04-20 15:30:00-04:00,7.43,7.52,7.42,7.45,980116,0,0,AA
2020-04-21 09:30:00-04:00,7.1,7.39,7.06,7.35,2129270,0,0,AA
2020-04-21 10:30:00-04:00,7.35,7.36,7.15,7.18,828343,0,0,AA
2020-04-21 11:30:00-04:00,7.18,7.25,7.14,7.22,546692,0,0,AA
2020-04-21 12:30:00-04:00,7.22,7.3,7.18,7.29,614909,0,0,AA
2020-04-21 13:30:00-04:00,7.29,7.31,7.18,7.29,556388,0,0,AA
2020-04-21 14:30:00-04:00,7.29,7.39,7.27,7.36,580638,0,0,AA
2020-04-21 15:30:00-04:00,7.36,7.37,7.29,7.32,661629,0,0,AA
2020-04-22 09:30:00-04:00,7.58,7.8,7.43,7.49,1612146,0,0,AA
2020-04-22 10:30:00-04:00,7.49,7.57,7.45,7.46,871458,0,0,AA
2020-04-22 11:30:00-04:00,7.46,7.58,7.46,7.49,666839,0,0,AA
2020-04-22 12:30:00-04:00,7.49,7.59,7.42,7.46,768942,0,0,AA
2020-04-22 13:30:00-04:00,7.46,7.48,7.33,7.39,1056097,0,0,AA
2020-04-22 14:30:00-04:00,7.39,7.51,7.38,7.49,1020916,0,0,AA
2020-04-22 15:30:00-04:00,7.49,7.58,7.45,7.55,1847453,0,0,AA
2020-04-23 09:30:00-04:00,7.94,8.0,7.26,7.85,6448342,0,0,AA
2020-04-23 10:30:00-04:00,7.85,8.08,7.83,7.93,2240089,0,0,AA
2020-04-23 11:30:00-04:00,7.93,7.96,7.57,7.77,2239329,0,0,AA
2020-04-23 12:30:00-04:00,7.76,7.85,7.57,7.65,1888468,0,0,AA
2020-04-23 13:30:00-04:00,7.66,7.7,7.42,7.46,2132678,0,0,AA
2020-04-23 14:30:00-04:00,7.45,7.49,7.35,7.36,2510638,0,0,AA
2020-04-23 15:30:00-04:00,7.36,7.39,7.24,7.29,3010574,0,0,AA
2020-04-24 09:30:00-04:00,7.33,7.45,7.16,7.27,2492954,0,0,AA
2020-04-24 10:30:00-04:00,7.27,7.3,7.11,7.16,1251573,0,0,AA
2020-04-24 11:30:00-04:00,7.16,7.2,7.05,7.07,1684531,0,0,AA
2020-04-24 12:30:00-04:00,7.07,7.14,7.01,7.12,1384486,0,0,AA
2020-04-24 13:30:00-04:00,7.13,7.17,7.09,7.14,1051704,0,0,AA
2020-04-24 14:30:00-04:00,7.14,7.23,7.13,7.16,1536298,0,0,AA
2020-04-24 15:30:00-04:00,7.15,7.19,7.11,7.14,1542782,0,0,AA
2020-04-27 09:30:00-04:00,7.23,7.23,6.99,7.16,2155591,0,0,AA
2020-04-27 10:30:00-04:00,7.16,7.22,7.13,7.16,858775,0,0,AA
2020-04-27 11:30:00-04:00,7.16,7.23,7.16,7.2,873910,0,0,AA
2020-04-27 12:30:00-04:00,7.2,7.22,7.12,7.16,745005,0,0,AA
2020-04-27 13:30:00-04:00,7.16,7.23,7.12,7.22,883018,0,0,AA
2020-04-27 14:30:00-04:00,7.23,7.49,7.2,7.45,2348101,0,0,AA
2020-04-27 15:30:00-04:00,7.44,7.47,7.36,7.37,900767,0,0,AA
2020-04-28 09:30:00-04:00,7.55,7.78,7.54,7.59,2613407,0,0,AA
2020-04-28 10:30:00-04:00,7.59,7.69,7.38,7.66,1665941,0,0,AA
2020-04-28 11:30:00-04:00,7.66,7.76,7.63,7.66,1113593,0,0,AA
2020-04-28 12:30:00-04:00,7.66,7.8,7.58,7.8,780204,0,0,AA
2020-04-28 13:30:00-04:00,7.8,8.07,7.78,7.99,2024439,0,0,AA
2020-04-28 14:30:00-04:00,7.99,8.11,7.93,7.95,1881039,0,0,AA
2020-04-28 15:30:00-04:00,7.95,7.98,7.81,7.84,1787601,0,0,AA
2020-04-29 09:30:00-04:00,8.15,8.55,8.15,8.47,2728732,0,0,AA
2020-04-29 10:30:00-04:00,8.48,8.67,8.44,8.65,1517189,0,0,AA
2020-04-29 11:30:00-04:00,8.65,8.67,8.53,8.61,1153176,0,0,AA
2020-04-29 12:30:00-04:00,8.61,8.9,8.56,8.77,1761691,0,0,AA
2020-04-29 13:30:00-04:00,8.77,8.77,8.59,8.62,512108,0,0,AA
2020-04-29 13:51:15-04:00,8.61,8.61,8.61,8.61,0,0,0,AA
